MES,BASURA,COD_DISTRITO,DISTRITO,TOTAL_KG_MUEBLES,MUEBLES,TOTAL_ENVASES,ENVASES,TOTAL_PAPEL_Y_CARTON,PAPEL_Y_CARTON,REPOSICION_BOLSAS_CANINAS,BOLSAS_CANINAS
ENERO,Basura,1,CENTRO ,46.05,Mueble,2.62,Envase,8.26,Papel_y_Carton,890,Bolsas_caninas
ENERO,Basura,6,TETUÁN,23.92,Mueble,240,Envase,4.28,Papel_y_Carton,451.8,Bolsas_caninas
ENERO,Basura,7,CHAMBERÍ,16.26,Mueble,420,Envase,3.4,Papel_y_Carton,405,Bolsas_caninas
ENERO,Basura,2,ARGANZUELA,23.76,Mueble,0,Envase,0,Papel_y_Carton,350.1,Bolsas_caninas
ENERO,Basura,3,RETIRO,6.62,Mueble,0,Envase,0,Papel_y_Carton,300.5,Bolsas_caninas
ENERO,Basura,4,SALAMANCA,1.1,Mueble,0,Envase,0,Papel_y_Carton,379.6,Bolsas_caninas
ENERO,Basura,5,CHAMARTÍN,81.01,Mueble,0,Envase,0,Papel_y_Carton,310.2,Bolsas_caninas
ENERO,Basura,8,FUENCARRAL,23.269,Mueble,0,Envase,0,Papel_y_Carton,431.8,Bolsas_caninas
ENERO,Basura,9,MONCLOA,4.94,Mueble,0,Envase,0,Papel_y_Carton,266.44,Bolsas_caninas
ENERO,Basura,10,LATINA,60.1,Mueble,0,Envase,0,Papel_y_Carton,403,Bolsas_caninas
ENERO,Basura,15,CIUDAD LINEAL,15.815,Mueble,21,Envase,8.633,Papel_y_Carton,577,Bolsas_caninas
ENERO,Basura,16,HORTALEZA,32.188,Mueble,49,Envase,12.59,Papel_y_Carton,450.01,Bolsas_caninas
ENERO,Basura,20,SAN BLAS,24.99,Mueble,40,Envase,5.396,Papel_y_Carton,421.8,Bolsas_caninas
ENERO,Basura,21,BARAJAS,28.386,Mueble,30,Envase,9.352,Papel_y_Carton,240,Bolsas_caninas
ENERO,Basura,13,PUENTE DE VALLECAS,10.157,Mueble,0,Envase,2.31,Papel_y_Carton,590,Bolsas_caninas
ENERO,Basura,18,VILLA DE VALLECAS,4.353,Mueble,0,Envase,1.5,Papel_y_Carton,264.1,Bolsas_caninas
ENERO,Basura,14,MORATALAZ,11.608,Mueble,0,Envase,1.75,Papel_y_Carton,281.9,Bolsas_caninas
ENERO,Basura,19,VICÁLVARO,2.902,Mueble,0,Envase,550,Papel_y_Carton,177.6,Bolsas_caninas
ENERO,Basura,11,CARABANCHEL,14.832,Mueble,660,Envase,23.78,Papel_y_Carton,488.3,Bolsas_caninas
ENERO,Basura,12,USERA,9.27,Mueble,360,Envase,17.84,Papel_y_Carton,264.2,Bolsas_caninas
ENERO,Basura,17,VILLAVERDE,12.978,Mueble,180,Envase,20.84,Papel_y_Carton,244.2,Bolsas_caninas
FEBRERO,Basura,1,CENTRO ,41.368,Mueble,1.4,Envase,7.28,Papel_y_Carton,895.9,Bolsas_caninas
FEBRERO,Basura,6,TETUÁN,87.88,Mueble,160,Envase,5.8,Papel_y_Carton,453.5,Bolsas_caninas
FEBRERO,Basura,7,CHAMBERÍ,19.186,Mueble,360,Envase,6.44,Papel_y_Carton,408.15,Bolsas_caninas
FEBRERO,Basura,2,ARGANZUELA,14.58,Mueble,180,Envase,3.02,Papel_y_Carton,350.3,Bolsas_caninas
FEBRERO,Basura,3,RETIRO,10.02,Mueble,150,Envase,2.06,Papel_y_Carton,310.5,Bolsas_caninas
FEBRERO,Basura,4,SALAMANCA,21.24,Mueble,280,Envase,2.87,Papel_y_Carton,379.8,Bolsas_caninas
FEBRERO,Basura,5,CHAMARTÍN,20.695,Mueble,170,Envase,1.05,Papel_y_Carton,312.2,Bolsas_caninas
FEBRERO,Basura,8,FUENCARRAL,79.78,Mueble,400,Envase,8.16,Papel_y_Carton,396.1,Bolsas_caninas
FEBRERO,Basura,9,MONCLOA,440,Mueble,1.04,Envase,0,Papel_y_Carton,241.17,Bolsas_caninas
FEBRERO,Basura,10,LATINA,59.88,Mueble,580,Envase,4.1,Papel_y_Carton,401.34,Bolsas_caninas
FEBRERO,Basura,15,CIUDAD LINEAL,18.09,Mueble,21,Envase,2.655,Papel_y_Carton,587.45,Bolsas_caninas
FEBRERO,Basura,16,HORTALEZA,42.21,Mueble,49,Envase,6.195,Papel_y_Carton,470.32,Bolsas_caninas
FEBRERO,Basura,20,SAN BLAS,36.18,Mueble,40,Envase,4.55,Papel_y_Carton,442.8,Bolsas_caninas
FEBRERO,Basura,21,BARAJAS,24.12,Mueble,30,Envase,4.3,Papel_y_Carton,350,Bolsas_caninas
FEBRERO,Basura,13,PUENTE DE VALLECAS ,12.16,Mueble,0,Envase,2.12,Papel_y_Carton,612.5,Bolsas_caninas
FEBRERO,Basura,18,VILLA DE VALLECAS ,4.56,Mueble,0,Envase,1.62,Papel_y_Carton,284.1,Bolsas_caninas
FEBRERO,Basura,14,MORATALAZ,10.64,Mueble,0,Envase,1.56,Papel_y_Carton,293.1,Bolsas_caninas
FEBRERO,Basura,19,VICÁLVARO,3.04,Mueble,0,Envase,1.28,Papel_y_Carton,197.6,Bolsas_caninas
FEBRERO,Basura,11,CARABANCHEL,20.628,Mueble,0,Envase,25.816,Papel_y_Carton,478.5,Bolsas_caninas
FEBRERO,Basura,12,USERA,12.892,Mueble,0,Envase,16.135,Papel_y_Carton,284.9,Bolsas_caninas
FEBRERO,Basura,17,VILLAVERDE,18.05,Mueble,0,Envase,22.589,Papel_y_Carton,274.4,Bolsas_caninas
MARZO,Basura,1,CENTRO ,43.82,Mueble,2.76,Envase,11.52,Papel_y_Carton,865.1,Bolsas_caninas
MARZO,Basura,6,TETUÁN,92.4,Mueble,260,Envase,4.04,Papel_y_Carton,472.5,Bolsas_caninas
MARZO,Basura,7,CHAMBERÍ,21.984,Mueble,0,Envase,5.04,Papel_y_Carton,398.2,Bolsas_caninas
MARZO,Basura,2,ARGANZUELA,19.58,Mueble,426,Envase,4.22,Papel_y_Carton,350.4,Bolsas_caninas
MARZO,Basura,3,RETIRO,10.962,Mueble,386,Envase,1.04,Papel_y_Carton,312.3,Bolsas_caninas
MARZO,Basura,4,SALAMANCA,51.04,Mueble,437,Envase,2.88,Papel_y_Carton,374.9,Bolsas_caninas
MARZO,Basura,5,CHAMARTÍN,27.168,Mueble,290,Envase,960,Papel_y_Carton,325,Bolsas_caninas
MARZO,Basura,8,FUENCARRAL,72.32,Mueble,880,Envase,14.26,Papel_y_Carton,333.1,Bolsas_caninas
MARZO,Basura,9,MONCLOA,45.72,Mueble,820,Envase,8.11,Papel_y_Carton,258.18,Bolsas_caninas
MARZO,Basura,10,LATINA,67.14,Mueble,1.08,Envase,9.18,Papel_y_Carton,392.2,Bolsas_caninas
MARZO,Basura,15,CIUDAD LINEAL,52.49,Mueble,30,Envase,8.491,Papel_y_Carton,507.4,Bolsas_caninas
MARZO,Basura,16,HORTALEZA,77.51,Mueble,60,Envase,12.383,Papel_y_Carton,473.42,Bolsas_caninas
MARZO,Basura,20,SAN BLAS,56.53,Mueble,50,Envase,9.199,Papel_y_Carton,462.8,Bolsas_caninas
MARZO,Basura,21,BARAJAS,34.77,Mueble,40,Envase,5.307,Papel_y_Carton,370,Bolsas_caninas
MARZO,Basura,13,PUENTE DE VALLECAS ,14.44,Mueble,483,Envase,4.74,Papel_y_Carton,603.1,Bolsas_caninas
MARZO,Basura,18,VILLA DE VALLECAS ,7.04,Mueble,207,Envase,2.78,Papel_y_Carton,294.1,Bolsas_caninas
MARZO,Basura,14,MORATALAZ,14,Mueble,552,Envase,4.86,Papel_y_Carton,293.2,Bolsas_caninas
MARZO,Basura,19,VICÁLVARO,4.78,Mueble,138,Envase,1.88,Papel_y_Carton,199.6,Bolsas_caninas
MARZO,Basura,11,CARABANCHEL,63.2,Mueble,165,Envase,28.96,Papel_y_Carton,463.1,Bolsas_caninas
MARZO,Basura,12,USERA,34.388,Mueble,90,Envase,18.48,Papel_y_Carton,271.9,Bolsas_caninas
MARZO,Basura,17,VILLAVERDE,42.752,Mueble,45,Envase,24.48,Papel_y_Carton,286.4,Bolsas_caninas
ABRIL,Basura,1,CENTRO ,37.59,Mueble,2.26,Envase,9.84,Papel_y_Carton,865.1,Bolsas_caninas
ABRIL,Basura,6,TETUÁN,51.84,Mueble,180,Envase,5.46,Papel_y_Carton,472.5,Bolsas_caninas
ABRIL,Basura,7,CHAMBERÍ,24.78,Mueble,580,Envase,3.26,Papel_y_Carton,398.2,Bolsas_caninas
ABRIL,Basura,2,ARGANZUELA,29.78,Mueble,0,Envase,3.34,Papel_y_Carton,334,Bolsas_caninas
ABRIL,Basura,3,RETIRO,5.72,Mueble,0,Envase,1.82,Papel_y_Carton,312.3,Bolsas_caninas
ABRIL,Basura,4,SALAMANCA,72.72,Mueble,1.16,Envase,3.28,Papel_y_Carton,374.9,Bolsas_caninas
ABRIL,Basura,5,CHAMARTÍN,33.26,Mueble,0,Envase,0,Papel_y_Carton,325,Bolsas_caninas
ABRIL,Basura,8,FUENCARRAL,54.7,Mueble,840,Envase,29.4,Papel_y_Carton,317,Bolsas_caninas
ABRIL,Basura,9,MONCLOA,48.96,Mueble,780,Envase,21.38,Papel_y_Carton,242,Bolsas_caninas
ABRIL,Basura,10,LATINA,57.74,Mueble,1.3,Envase,10.46,Papel_y_Carton,376.2,Bolsas_caninas
ABRIL,Basura,15,CIUDAD LINEAL,108.578,Mueble,40,Envase,26.56,Papel_y_Carton,507.4,Bolsas_caninas
ABRIL,Basura,16,HORTALEZA,144.93,Mueble,70,Envase,35.75,Papel_y_Carton,457,Bolsas_caninas
ABRIL,Basura,20,SAN BLAS,101.632,Mueble,60,Envase,24.51,Papel_y_Carton,462.8,Bolsas_caninas
ABRIL,Basura,21,BARAJAS,62.22,Mueble,50,Envase,15.32,Papel_y_Carton,354,Bolsas_caninas
ABRIL,Basura,13,PUENTE DE VALLECAS ,40.642,Mueble,347,Envase,4.942,Papel_y_Carton,571.1,Bolsas_caninas
ABRIL,Basura,18,VILLA DE VALLECAS ,17.419,Mueble,153,Envase,2.118,Papel_y_Carton,294.1,Bolsas_caninas
ABRIL,Basura,14,MORATALAZ,46.447,Mueble,398,Envase,5.648,Papel_y_Carton,277,Bolsas_caninas
ABRIL,Basura,19,VICÁLVARO,11.612,Mueble,102,Envase,1.412,Papel_y_Carton,199.6,Bolsas_caninas
ABRIL,Basura,11,CARABANCHEL,126.244,Mueble,200,Envase,31.016,Papel_y_Carton,463.1,Bolsas_caninas
ABRIL,Basura,12,USERA,165.683,Mueble,125,Envase,19.385,Papel_y_Carton,271.9,Bolsas_caninas
ABRIL,Basura,17,VILLAVERDE,247.293,Mueble,175,Envase,27.139,Papel_y_Carton,270.4,Bolsas_caninas
MAYO,Basura,1,CENTRO ,31.39,Mueble,3.2,Envase,8.94,Papel_y_Carton,865.1,Bolsas_caninas
MAYO,Basura,6,TETUÁN,67.92,Mueble,360,Envase,3.48,Papel_y_Carton,462.5,Bolsas_caninas
MAYO,Basura,7,CHAMBERÍ,23.58,Mueble,300,Envase,4.3,Papel_y_Carton,396.2,Bolsas_caninas
MAYO,Basura,2,ARGANZUELA,44.34,Mueble,0,Envase,5.16,Papel_y_Carton,364,Bolsas_caninas
MAYO,Basura,3,RETIRO,12.5,Mueble,0,Envase,1.38,Papel_y_Carton,332.3,Bolsas_caninas
MAYO,Basura,4,SALAMANCA,49.24,Mueble,1.28,Envase,3.72,Papel_y_Carton,394.9,Bolsas_caninas
MAYO,Basura,5,CHAMARTÍN,16.4,Mueble,0,Envase,0,Papel_y_Carton,415.2,Bolsas_caninas
MAYO,Basura,8,FUENCARRAL,62.34,Mueble,560,Envase,26.8,Papel_y_Carton,356.1,Bolsas_caninas
MAYO,Basura,9,MONCLOA,58.08,Mueble,500,Envase,15.9,Papel_y_Carton,252,Bolsas_caninas
MAYO,Basura,10,LATINA,90.04,Mueble,2.2,Envase,12.84,Papel_y_Carton,366.2,Bolsas_caninas
MAYO,Basura,15,CIUDAD LINEAL,112.313,Mueble,40,Envase,28.642,Papel_y_Carton,530.4,Bolsas_caninas
MAYO,Basura,16,HORTALEZA,163.79,Mueble,70,Envase,38.556,Papel_y_Carton,487,Bolsas_caninas
MAYO,Basura,20,SAN BLAS,121.672,Mueble,60,Envase,26.438,Papel_y_Carton,482.8,Bolsas_caninas
MAYO,Basura,21,BARAJAS,70.196,Mueble,50,Envase,16.524,Papel_y_Carton,414,Bolsas_caninas
MAYO,Basura,13,PUENTE DE VALLECAS ,25.08,Mueble,380,Envase,4.662,Papel_y_Carton,591.1,Bolsas_caninas
MAYO,Basura,18,VILLA DE VALLECAS ,38.34,Mueble,140,Envase,1.998,Papel_y_Carton,272.1,Bolsas_caninas
MAYO,Basura,14,MORATALAZ,31.78,Mueble,260,Envase,5.328,Papel_y_Carton,297,Bolsas_caninas
MAYO,Basura,19,VICÁLVARO,8.12,Mueble,120,Envase,1.332,Papel_y_Carton,210.6,Bolsas_caninas
MAYO,Basura,11,CARABANCHEL,241.184,Mueble,72,Envase,32.347,Papel_y_Carton,483.3,Bolsas_caninas
MAYO,Basura,12,USERA,150.74,Mueble,45,Envase,21.789,Papel_y_Carton,291.9,Bolsas_caninas
MAYO,Basura,17,VILLAVERDE,211.036,Mueble,63,Envase,28.304,Papel_y_Carton,310.4,Bolsas_caninas
JUNIO,Basura,1,CENTRO ,37.6,Mueble,2.9,Envase,13.6,Papel_y_Carton,875,Bolsas_caninas
JUNIO,Basura,6,TETUÁN,93.44,Mueble,160,Envase,6.82,Papel_y_Carton,461,Bolsas_caninas
JUNIO,Basura,7,CHAMBERÍ,32.68,Mueble,440,Envase,3.18,Papel_y_Carton,395.5,Bolsas_caninas
JUNIO,Basura,2,ARGANZUELA,39.02,Mueble,0,Envase,3.24,Papel_y_Carton,359,Bolsas_caninas
JUNIO,Basura,3,RETIRO,12.56,Mueble,0,Envase,4.26,Papel_y_Carton,352,Bolsas_caninas
JUNIO,Basura,4,SALAMANCA,51.72,Mueble,1.04,Envase,1.68,Papel_y_Carton,389.1,Bolsas_caninas
JUNIO,Basura,5,CHAMARTÍN,62.66,Mueble,0,Envase,9.78,Papel_y_Carton,420.2,Bolsas_caninas
JUNIO,Basura,8,FUENCARRAL,123.32,Mueble,260,Envase,30.88,Papel_y_Carton,352.3,Bolsas_caninas
JUNIO,Basura,9,MONCLOA,67.26,Mueble,240,Envase,12.68,Papel_y_Carton,250,Bolsas_caninas
JUNIO,Basura,10,LATINA,159.02,Mueble,1.52,Envase,16.88,Papel_y_Carton,358.2,Bolsas_caninas
JUNIO,Basura,15,CIUDAD LINEAL,120.57,Mueble,40,Envase,26.74,Papel_y_Carton,525.4,Bolsas_caninas
JUNIO,Basura,16,HORTALEZA,158.04,Mueble,70,Envase,38.99,Papel_y_Carton,481.5,Bolsas_caninas
JUNIO,Basura,20,SAN BLAS,124.275,Mueble,60,Envase,28.96,Papel_y_Carton,485.8,Bolsas_caninas
JUNIO,Basura,21,BARAJAS,76.591,Mueble,50,Envase,16.71,Papel_y_Carton,411,Bolsas_caninas
JUNIO,Basura,13,PUENTE DE VALLECAS ,60.319,Mueble,280,Envase,4.557,Papel_y_Carton,587.1,Bolsas_caninas
JUNIO,Basura,18,VILLA DE VALLECAS ,25.852,Mueble,120,Envase,1.953,Papel_y_Carton,274.5,Bolsas_caninas
JUNIO,Basura,14,MORATALAZ,68.936,Mueble,140,Envase,5.208,Papel_y_Carton,282,Bolsas_caninas
JUNIO,Basura,19,VICÁLVARO,17.233,Mueble,60,Envase,1.302,Papel_y_Carton,205.6,Bolsas_caninas
JUNIO,Basura,11,CARABANCHEL,272.443,Mueble,56,Envase,31.024,Papel_y_Carton,481.6,Bolsas_caninas
JUNIO,Basura,12,USERA,170.277,Mueble,35,Envase,19.39,Papel_y_Carton,288.7,Bolsas_caninas
JUNIO,Basura,17,VILLAVERDE,238.388,Mueble,49,Envase,27.146,Papel_y_Carton,308.3,Bolsas_caninas
JULIO,Basura,1,CENTRO ,41.14,Mueble,47.8,Envase,3.12,Papel_y_Carton,875.3,Bolsas_caninas
JULIO,Basura,6,TETUÁN,110.28,Mueble,520,Envase,7.76,Papel_y_Carton,461,Bolsas_caninas
JULIO,Basura,7,CHAMBERÍ,69.08,Mueble,200,Envase,4.26,Papel_y_Carton,395.5,Bolsas_caninas
JULIO,Basura,2,ARGANZUELA,33.34,Mueble,0,Envase,960,Papel_y_Carton,375.1,Bolsas_caninas
JULIO,Basura,3,RETIRO,60.5,Mueble,0,Envase,24.32,Papel_y_Carton,352,Bolsas_caninas
JULIO,Basura,4,SALAMANCA,45.02,Mueble,5.2,Envase,6.26,Papel_y_Carton,389.1,Bolsas_caninas
JULIO,Basura,5,CHAMARTÍN,53.8,Mueble,0,Envase,21.08,Papel_y_Carton,404.4,Bolsas_caninas
JULIO,Basura,8,FUENCARRAL,129.34,Mueble,0,Envase,21.88,Papel_y_Carton,352.3,Bolsas_caninas
JULIO,Basura,9,MONCLOA,77.92,Mueble,480,Envase,18.32,Papel_y_Carton,251,Bolsas_caninas
JULIO,Basura,10,LATINA,182.28,Mueble,480,Envase,10.94,Papel_y_Carton,342.5,Bolsas_caninas
JULIO,Basura,15,CIUDAD LINEAL,94.985,Mueble,20,Envase,19.483,Papel_y_Carton,525.4,Bolsas_caninas
JULIO,Basura,16,HORTALEZA,105.539,Mueble,60,Envase,21.648,Papel_y_Carton,481.5,Bolsas_caninas
JULIO,Basura,20,SAN BLAS,80.914,Mueble,40,Envase,16.597,Papel_y_Carton,485.8,Bolsas_caninas
JULIO,Basura,21,BARAJAS,70.36,Mueble,40,Envase,14.432,Papel_y_Carton,411,Bolsas_caninas
JULIO,Basura,13,PUENTE DE VALLECAS ,71.351,Mueble,0,Envase,13.428,Papel_y_Carton,587.1,Bolsas_caninas
JULIO,Basura,18,VILLA DE VALLECAS ,30.579,Mueble,0,Envase,5.052,Papel_y_Carton,284.9,Bolsas_caninas
JULIO,Basura,14,MORATALAZ,81.544,Mueble,0,Envase,13.472,Papel_y_Carton,214.1,Bolsas_caninas
JULIO,Basura,19,VICÁLVARO,20.386,Mueble,0,Envase,3.368,Papel_y_Carton,245.3,Bolsas_caninas
JULIO,Basura,11,CARABANCHEL,259.124,Mueble,56,Envase,29.376,Papel_y_Carton,481.6,Bolsas_caninas
JULIO,Basura,12,USERA,161.953,Mueble,35,Envase,18.36,Papel_y_Carton,288.7,Bolsas_caninas
JULIO,Basura,17,VILLAVERDE,226.733,Mueble,49,Envase,25.704,Papel_y_Carton,308.3,Bolsas_caninas
AGOSTO,Basura,1,CENTRO ,43.2,Mueble,0,Envase,9.54,Papel_y_Carton,895.1,Bolsas_caninas
AGOSTO,Basura,6,TETUÁN,129.12,Mueble,240,Envase,6.76,Papel_y_Carton,480,Bolsas_caninas
AGOSTO,Basura,7,CHAMBERÍ,67.3,Mueble,220,Envase,7.74,Papel_y_Carton,401.1,Bolsas_caninas
AGOSTO,Basura,2,ARGANZUELA,43.84,Mueble,0,Envase,3.4,Papel_y_Carton,380,Bolsas_caninas
AGOSTO,Basura,3,RETIRO,45.74,Mueble,1.14,Envase,19.56,Papel_y_Carton,360,Bolsas_caninas
AGOSTO,Basura,4,SALAMANCA,53.86,Mueble,0,Envase,1.56,Papel_y_Carton,388.4,Bolsas_caninas
AGOSTO,Basura,5,CHAMARTÍN,44.54,Mueble,0,Envase,12.5,Papel_y_Carton,409.2,Bolsas_caninas
AGOSTO,Basura,8,FUENCARRAL,136.92,Mueble,0,Envase,18.84,Papel_y_Carton,376.6,Bolsas_caninas
AGOSTO,Basura,9,MONCLOA,75.68,Mueble,1.12,Envase,9.42,Papel_y_Carton,247.3,Bolsas_caninas
AGOSTO,Basura,10,LATINA,227.02,Mueble,0,Envase,15.56,Papel_y_Carton,340,Bolsas_caninas
AGOSTO,Basura,15,CIUDAD LINEAL,106.649,Mueble,30,Envase,18.005,Papel_y_Carton,545,Bolsas_caninas
AGOSTO,Basura,16,HORTALEZA,155.53,Mueble,60,Envase,26.257,Papel_y_Carton,493.7,Bolsas_caninas
AGOSTO,Basura,20,SAN BLAS,115.536,Mueble,50,Envase,19.505,Papel_y_Carton,493.1,Bolsas_caninas
AGOSTO,Basura,21,BARAJAS,66.656,Mueble,40,Envase,11.253,Papel_y_Carton,423,Bolsas_caninas
AGOSTO,Basura,13,PUENTE DE VALLECAS ,124.826,Mueble,0,Envase,15.449,Papel_y_Carton,585.7,Bolsas_caninas
AGOSTO,Basura,18,VILLA DE VALLECAS ,48.355,Mueble,1.14,Envase,6.621,Papel_y_Carton,294.9,Bolsas_caninas
AGOSTO,Basura,14,MORATALAZ,116.944,Mueble,0,Envase,17.656,Papel_y_Carton,219.9,Bolsas_caninas
AGOSTO,Basura,19,VICÁLVARO,32.235,Mueble,0,Envase,4.414,Papel_y_Carton,257.6,Bolsas_caninas
AGOSTO,Basura,11,CARABANCHEL,230.256,Mueble,96,Envase,25.816,Papel_y_Carton,499.4,Bolsas_caninas
AGOSTO,Basura,12,USERA,143.91,Mueble,60,Envase,16.135,Papel_y_Carton,296,Bolsas_caninas
AGOSTO,Basura,17,VILLAVERDE,201.474,Mueble,84,Envase,22.589,Papel_y_Carton,307,Bolsas_caninas
SEPTIEMBRE,Basura,1,CENTRO ,40.61,Mueble,2.25,Envase,17.12,Papel_y_Carton,906.43,Bolsas_caninas
SEPTIEMBRE,Basura,6,TETUÁN,127.04,Mueble,180,Envase,9,Papel_y_Carton,514.7,Bolsas_caninas
SEPTIEMBRE,Basura,7,CHAMBERÍ,71.68,Mueble,260,Envase,17.58,Papel_y_Carton,408.77,Bolsas_caninas
SEPTIEMBRE,Basura,2,ARGANZUELA,66.64,Mueble,0,Envase,4.48,Papel_y_Carton,423.78,Bolsas_caninas
SEPTIEMBRE,Basura,3,RETIRO,62.94,Mueble,840,Envase,32.34,Papel_y_Carton,381.36,Bolsas_caninas
SEPTIEMBRE,Basura,4,SALAMANCA,39.8,Mueble,10.06,Envase,4.82,Papel_y_Carton,411.94,Bolsas_caninas
SEPTIEMBRE,Basura,5,CHAMARTÍN,39.44,Mueble,0,Envase,11.34,Papel_y_Carton,451.9,Bolsas_caninas
SEPTIEMBRE,Basura,8,FUENCARRAL,175.28,Mueble,340,Envase,26.9,Papel_y_Carton,484.82,Bolsas_caninas
SEPTIEMBRE,Basura,9,MONCLOA,91.02,Mueble,0,Envase,17.88,Papel_y_Carton,301.64,Bolsas_caninas
SEPTIEMBRE,Basura,10,LATINA,241.18,Mueble,540,Envase,11.69,Papel_y_Carton,443.1,Bolsas_caninas
SEPTIEMBRE,Basura,15,CIUDAD LINEAL,114.835,Mueble,144,Envase,23.842,Papel_y_Carton,635.69,Bolsas_caninas
SEPTIEMBRE,Basura,16,HORTALEZA,167.468,Mueble,210,Envase,34.769,Papel_y_Carton,598.27,Bolsas_caninas
SEPTIEMBRE,Basura,20,SAN BLAS,124.405,Mueble,156,Envase,25.828,Papel_y_Carton,588.05,Bolsas_caninas
SEPTIEMBRE,Basura,21,BARAJAS,71.772,Mueble,90,Envase,14.901,Papel_y_Carton,450.38,Bolsas_caninas
SEPTIEMBRE,Basura,13,PUENTE DE VALLECAS ,215.418,Mueble,500,Envase,23.251,Papel_y_Carton,664.83,Bolsas_caninas
SEPTIEMBRE,Basura,18,VILLA DE VALLECAS ,77.323,Mueble,220,Envase,9.965,Papel_y_Carton,371.44,Bolsas_caninas
SEPTIEMBRE,Basura,14,MORATALAZ,171.192,Mueble,560,Envase,26.572,Papel_y_Carton,283.86,Bolsas_caninas
SEPTIEMBRE,Basura,19,VICÁLVARO,51.547,Mueble,140,Envase,6.643,Papel_y_Carton,321.39,Bolsas_caninas
SEPTIEMBRE,Basura,11,CARABANCHEL,230.416,Mueble,40,Envase,30.888,Papel_y_Carton,605.85,Bolsas_caninas
SEPTIEMBRE,Basura,12,USERA,144.01,Mueble,25,Envase,19.328,Papel_y_Carton,382.27,Bolsas_caninas
SEPTIEMBRE,Basura,17,VILLAVERDE,201.614,Mueble,35,Envase,27.034,Papel_y_Carton,419.65,Bolsas_caninas
OCTUBRE,Basura,1,CENTRO ,72.77,Mueble,1.83,Envase,16.62,Papel_y_Carton,906.4,Bolsas_caninas
OCTUBRE,Basura,6,TETUÁN,84.32,Mueble,180,Envase,6.88,Papel_y_Carton,514.7,Bolsas_caninas
OCTUBRE,Basura,7,CHAMBERÍ,61.94,Mueble,420,Envase,8.28,Papel_y_Carton,408.78,Bolsas_caninas
OCTUBRE,Basura,2,ARGANZUELA,52.26,Mueble,0,Envase,5.96,Papel_y_Carton,423.79,Bolsas_caninas
OCTUBRE,Basura,3,RETIRO,57.58,Mueble,1.26,Envase,26.68,Papel_y_Carton,381.37,Bolsas_caninas
OCTUBRE,Basura,4,SALAMANCA,36.14,Mueble,820,Envase,3.32,Papel_y_Carton,411.94,Bolsas_caninas
OCTUBRE,Basura,5,CHAMARTÍN,51.74,Mueble,0,Envase,15.64,Papel_y_Carton,451.89,Bolsas_caninas
OCTUBRE,Basura,8,FUENCARRAL,166.4,Mueble,280,Envase,26.4,Papel_y_Carton,452.82,Bolsas_caninas
OCTUBRE,Basura,9,MONCLOA,65.76,Mueble,0,Envase,12.44,Papel_y_Carton,285.64,Bolsas_caninas
OCTUBRE,Basura,10,LATINA,244.16,Mueble,1.1,Envase,13.14,Papel_y_Carton,459.1,Bolsas_caninas
OCTUBRE,Basura,15,CIUDAD LINEAL,98.6,Mueble,86,Envase,22.824,Papel_y_Carton,651.69,Bolsas_caninas
OCTUBRE,Basura,16,HORTALEZA,143.793,Mueble,126,Envase,33.285,Papel_y_Carton,614.27,Bolsas_caninas
OCTUBRE,Basura,20,SAN BLAS,106.818,Mueble,94,Envase,24.726,Papel_y_Carton,572.05,Bolsas_caninas
OCTUBRE,Basura,21,BARAJAS,61.625,Mueble,54,Envase,14.265,Papel_y_Carton,450.38,Bolsas_caninas
OCTUBRE,Basura,13,PUENTE DE VALLECAS ,215.003,Mueble,406,Envase,21.221,Papel_y_Carton,648.83,Bolsas_caninas
OCTUBRE,Basura,18,VILLA DE VALLECAS ,79.287,Mueble,174,Envase,9.095,Papel_y_Carton,371.44,Bolsas_caninas
OCTUBRE,Basura,14,MORATALAZ,171.432,Mueble,464,Envase,24.525,Papel_y_Carton,315.86,Bolsas_caninas
OCTUBRE,Basura,19,VICÁLVARO,62.858,Mueble,116,Envase,6.063,Papel_y_Carton,321.39,Bolsas_caninas
OCTUBRE,Basura,11,CARABANCHEL,275.369,Mueble,96,Envase,19.945,Papel_y_Carton,621.85,Bolsas_caninas
OCTUBRE,Basura,12,USERA,172.905,Mueble,60,Envase,31.912,Papel_y_Carton,398.27,Bolsas_caninas
OCTUBRE,Basura,17,VILLAVERDE,192.118,Mueble,84,Envase,27.923,Papel_y_Carton,419.65,Bolsas_caninas
NOVIEMBRE,Basura,1,CENTRO ,58.08,Mueble,2.3,Envase,14.32,Papel_y_Carton,895.6,Bolsas_caninas
NOVIEMBRE,Basura,6,TETUÁN,77.96,Mueble,160,Envase,3.84,Papel_y_Carton,511.3,Bolsas_caninas
NOVIEMBRE,Basura,7,CHAMBERÍ,61.06,Mueble,400,Envase,7.98,Papel_y_Carton,402.98,Bolsas_caninas
NOVIEMBRE,Basura,2,ARGANZUELA,54.301,Mueble,0,Envase,2.32,Papel_y_Carton,413.09,Bolsas_caninas
NOVIEMBRE,Basura,3,RETIRO,57.7,Mueble,580,Envase,26.74,Papel_y_Carton,361.17,Bolsas_caninas
NOVIEMBRE,Basura,4,SALAMANCA,38.04,Mueble,0,Envase,0,Papel_y_Carton,405.7,Bolsas_caninas
NOVIEMBRE,Basura,5,CHAMARTÍN,26,Mueble,0,Envase,6.98,Papel_y_Carton,451.97,Bolsas_caninas
NOVIEMBRE,Basura,8,FUENCARRAL,148.7,Mueble,0,Envase,20.92,Papel_y_Carton,432.68,Bolsas_caninas
NOVIEMBRE,Basura,9,MONCLOA,70.48,Mueble,0,Envase,12.4,Papel_y_Carton,245.69,Bolsas_caninas
NOVIEMBRE,Basura,10,LATINA,208.48,Mueble,1.08,Envase,11.38,Papel_y_Carton,461,Bolsas_caninas
NOVIEMBRE,Basura,15,CIUDAD LINEAL,83.722,Mueble,101,Envase,14.698,Papel_y_Carton,631.6,Bolsas_caninas
NOVIEMBRE,Basura,16,HORTALEZA,122.094,Mueble,147,Envase,21.434,Papel_y_Carton,616.58,Bolsas_caninas
NOVIEMBRE,Basura,20,SAN BLAS,90.698,Mueble,109,Envase,15.922,Papel_y_Carton,562.38,Bolsas_caninas
NOVIEMBRE,Basura,21,BARAJAS,52.326,Mueble,63,Envase,9.186,Papel_y_Carton,442.15,Bolsas_caninas
NOVIEMBRE,Basura,13,PUENTE DE VALLECAS ,204.365,Mueble,903,Envase,21.392,Papel_y_Carton,651.2,Bolsas_caninas
NOVIEMBRE,Basura,18,VILLA DE VALLECAS ,67.585,Mueble,387,Envase,9.168,Papel_y_Carton,375.74,Bolsas_caninas
NOVIEMBRE,Basura,14,MORATALAZ,158.56,Mueble,1.032,Envase,24.448,Papel_y_Carton,317.28,Bolsas_caninas
NOVIEMBRE,Basura,19,VICÁLVARO,53.39,Mueble,258,Envase,6.112,Papel_y_Carton,341.48,Bolsas_caninas
NOVIEMBRE,Basura,11,CARABANCHEL,275.369,Mueble,96,Envase,19.945,Papel_y_Carton,631.49,Bolsas_caninas
NOVIEMBRE,Basura,12,USERA,172.905,Mueble,60,Envase,31.912,Papel_y_Carton,371.5,Bolsas_caninas
NOVIEMBRE,Basura,17,VILLAVERDE,192.118,Mueble,84,Envase,27.923,Papel_y_Carton,422.36,Bolsas_caninas
DICIEMBRE,Basura,1,CENTRO ,59,Mueble,1.16,Envase,17.54,Papel_y_Carton,875,Bolsas_caninas
DICIEMBRE,Basura,6,TETUÁN,68.3,Mueble,220,Envase,5.88,Papel_y_Carton,516.9,Bolsas_caninas
DICIEMBRE,Basura,7,CHAMBERÍ,55.78,Mueble,260,Envase,3.762,Papel_y_Carton,406.15,Bolsas_caninas
DICIEMBRE,Basura,2,ARGANZUELA,44.54,Mueble,0,Envase,4.92,Papel_y_Carton,419.2,Bolsas_caninas
DICIEMBRE,Basura,3,RETIRO,39.4,Mueble,600,Envase,16.7,Papel_y_Carton,358.15,Bolsas_caninas
DICIEMBRE,Basura,4,SALAMANCA,29.42,Mueble,6.4,Envase,0,Papel_y_Carton,415.1,Bolsas_caninas
DICIEMBRE,Basura,5,CHAMARTÍN,27.48,Mueble,0,Envase,0,Papel_y_Carton,456.07,Bolsas_caninas
DICIEMBRE,Basura,8,FUENCARRAL,143.1,Mueble,320,Envase,32.7,Papel_y_Carton,429.7,Bolsas_caninas
DICIEMBRE,Basura,9,MONCLOA,80.82,Mueble,0,Envase,15.4,Papel_y_Carton,243.24,Bolsas_caninas
DICIEMBRE,Basura,10,LATINA,191.72,Mueble,520,Envase,9.82,Papel_y_Carton,445.8,Bolsas_caninas
DICIEMBRE,Basura,15,CIUDAD LINEAL,91.07,Mueble,70,Envase,11.822,Papel_y_Carton,628.4,Bolsas_caninas
DICIEMBRE,Basura,16,HORTALEZA,119.41,Mueble,110,Envase,17.241,Papel_y_Carton,621.65,Bolsas_caninas
DICIEMBRE,Basura,20,SAN BLAS,93.03,Mueble,90,Envase,12.808,Papel_y_Carton,555.18,Bolsas_caninas
DICIEMBRE,Basura,21,BARAJAS,57.69,Mueble,50,Envase,7.389,Papel_y_Carton,430.65,Bolsas_caninas
DICIEMBRE,Basura,13,PUENTE DE VALLECAS ,192.136,Mueble,938,Envase,26.704,Papel_y_Carton,670.1,Bolsas_caninas
DICIEMBRE,Basura,18,VILLA DE VALLECAS ,63.415,Mueble,402,Envase,11.445,Papel_y_Carton,395.51,Bolsas_caninas
DICIEMBRE,Basura,14,MORATALAZ,149.941,Mueble,1.072,Envase,30.519,Papel_y_Carton,322.3,Bolsas_caninas
DICIEMBRE,Basura,19,VICÁLVARO,50.61,Mueble,268,Envase,7.63,Papel_y_Carton,360.4,Bolsas_caninas
DICIEMBRE,Basura,11,CARABANCHEL,227.148,Mueble,79,Envase,31.517,Papel_y_Carton,635.6,Bolsas_caninas
DICIEMBRE,Basura,12,USERA,134.225,Mueble,47,Envase,18.624,Papel_y_Carton,378.9,Bolsas_caninas
DICIEMBRE,Basura,17,VILLAVERDE,154.875,Mueble,54,Envase,21.489,Papel_y_Carton,419.06,Bolsas_caninas
